Customer ID,Age,Location,Gender,Purchase History (Sample)
CUST021,65,Seattle,Male,"Golf Clubs (Senior Flex), Golf Balls"
CUST022,33,Miami,Female,"Running Shoes (Women's), Fitness Tracker"
CUST023,19,Atlanta,Male,"Basketball (Men's), Basketball Shorts"
CUST024,48,Dallas,Female,"Tennis Apparel, Tennis Racket"
CUST025,27,San Francisco,Male,"Baseball Bat (Composite), Baseball Cleats"
CUST026,70,Houston,Male,"Walking Shoes, Comfortable Clothing"
CUST027,52,Phoenix,Female,"Yoga Mat, Resistance Bands (Light)"
CUST028,14,Austin,Male,"Baseball Jersey (Youth), Baseball Hat"
CUST029,31,Denver,Female,"Hiking Boots, Backpack, Bicycle (Adult), Bicycle Helmet"
CUST030,20,Boston,Male,Cycling Shorts
