Month,Product Category,Brand,Store Location,Units Sold,Product ID
Jan-23,Apparel,Nike,Chicago,120,ABC001
Jan-23,Footwear,Adidas,New York,80,ABC002
Jan-23,Equipment,Wilson,Los Angeles,50,ABC003
Feb-23,Apparel,Under Armour,Chicago,100,ABC004
Feb-23,Footwear,New Balance,New York,75,ABC005
Feb-23,Equipment,Spalding,Los Angeles,40,ABC006
Mar-23,Apparel,The North Face,Chicago,85,ABC007
Mar-23,Footwear,Brooks,New York,60,ABC008
Mar-23,Equipment,Rawlings,Los Angeles,35,ABC009
Apr-23,Apparel,Columbia,Chicago,110,ABC010
Apr-23,Footwear,Asics,New York,90,ABC011
Apr-23,Equipment,Easton,Los Angeles,65,ABC012
May-23,Apparel,Patagonia,Chicago,70,ABC013
May-23,Footwear,Saucony,New York,55,ABC014
May-23,Equipment,Marucci,Los Angeles,42,ABC015
Jun-23,Apparel,Arc'teryx,Chicago,95,ABC016
Jun-23,Footwear,Hoka One One,New York,82,ABC017
Jun-23,Equipment,Mizuno,Los Angeles,58,ABC018
Jul-23,Apparel,Outdoor Research,Chicago,68,ABC019
Jul-23,Footwear,Altra,New York,48,ABC020
Jul-23,Equipment,Louisville Slugger,Los Angeles,30,ABC009
Aug-23,Apparel,Mountain Hardwear,Chicago,102,ABC010
Aug-23,Footwear,On Running,New York,79,ABC011
Aug-23,Equipment,DeMarini,Los Angeles,61,ABC012
Sep-23,Apparel,Marmot,Chicago,80,ABC013
Sep-23,Footwear,Salomon,New York,65,ABC014
Sep-23,Equipment,Victrix,Los Angeles,45,ABC015
Oct-23,Apparel,Patagonia,Chicago,98,ABC016
Oct-23,Footwear,Hoka One One,New York,87,ABC017
Oct-23,Equipment,Easton,Los Angeles,62,ABC018
Nov-23,Apparel,The North Face,Chicago,115,ABC019
Nov-23,Footwear,Brooks,New York,92,ABC020
Nov-23,Equipment,Rawlings,Los Angeles,70,ABC011
Dec-23,Apparel,Columbia,Chicago,89,ABC012
Dec-23,Footwear,Asics,New York,71,ABC013
Dec-23,Equipment,Spalding,Los Angeles,53,ABC014
