Product ID,Product Name,Units on Hand,Purchase Price,Lead Time (Days),Customer ID
ABC001,Running Shoes (Men's),25,$75.00 ,30,CUST021
ABC002,Tennis Racket,10,$120.00 ,45,CUST022
ABC003,Baseball Jersey (Youth),40,$25.00 ,20,CUST023
ABC004,Yoga Pants (Women's),15,$40.00 ,15,CUST024
ABC005,Basketball (Men's),32,$85.00 ,40,CUST025
ABC006,Sports Bra (Women's),20,$30.00 ,25,CUST026
ABC007,Baseball Bat (Aluminum),18,$55.00 ,35,CUST027
ABC008,Baseball Glove (Youth),25,$22.00 ,15,CUST028
ABC009,Soccer Ball,48,$38.00 ,20,CUST029
ABC010,Yoga Mat,12,$45.00 ,10,CUST030
ABC011,Water Bottle (Stainless Steel),35,$15.00 ,20,CUST024
ABC012,Running Shorts (Men's),17,$28.00 ,18,CUST025
ABC013,Tennis Balls (Can),85,$5.00 ,15,CUST026
ABC014,Badminton Racket,6,$60.00 ,40,CUST027
ABC015,Fitness Tracker,22,$99.00 ,30,CUST028
ABC016,Hiking Backpack,10,$130.00 ,50,CUST029
ABC017,Camping Tent,5,$180.00 ,60,CUST030
ABC018,Sleeping Bag,8,$125.00 ,45,CUST025
ABC019,Bicycle Helmet,14,$50.00 ,25,CUST026
ABC020,Bicycle (Adult),3,$450.00 ,90,CUST027
