Product ID,Rating,Review Text
S3P005,3,Extremely disappointing.
S3P003,2,Will buy again.
S3P002,4,Works as described.
S3P004,1,Terrible quality.
S3P007,5,Just what I needed.
S3P015,1,Amazing quality!
S3P009,3,Very unhappy with the purchase.
S3P017,5,Loved every bit!
S3P003,2,Very unhappy with the purchase.
S3P012,2,Amazing quality!
S3P012,3,Will buy again.
S3P010,4,Extremely disappointing.
S3P006,4,Bad customer support.
S3P011,1,Horrible experience.
S3P009,3,Loved every bit!
S3P020,5,Would not buy again.
S3P007,5,Very satisfied.
S3P013,1,I wouldn't recommend this.
S3P008,2,Very satisfied.
S3P006,5,Product was faulty.
