Product ID,Rating,Review Text
S2P010,5,Not what I expected.
S2P011,2,Excellent product!
S2P007,3,Item was defective.
S2P016,3,Completely disappointed.
S2P003,4,Poor design.
S2P010,1,Amazing value!
S2P005,2,Great quality.
S2P008,5,Great quality.
S2P016,1,Poor design.
S2P013,3,Works like a charm.
S2P009,2,I would buy again.
S2P014,3,Great quality.
S2P010,1,Great quality.
S2P008,2,Item was defective.
S2P007,1,Really enjoyed it!
S2P015,1,Amazing value!
S2P004,5,Excellent product!
S2P014,4,Just as described.
S2P013,2,Absolutely terrible.
S2P017,4,Worst customer service.
