Product ID,Rating,Review Text
P001,3,Would buy again.
P002,1,Terrible design.
P003,2,Exactly as described.
P006,3,Fantastic.
P005,4,Superb performance.
P016,1,Awful customer service.
P005,5,Loved it.
P016,5,Bad quality.
P019,4,Excellent quality.
P006,5,Excellent quality.
P014,5,Superb performance.
P004,2,Bad quality.
P020,2,Defective item.
P006,1,Superb performance.
P018,1,Disappointed.
P015,1,Would buy again.
P005,4,Superb performance.
P005,2,Terrible experience.
P016,4,Very bad.
P007,4,Terrible experience.
