"Month","Product_Category","Store_Location","Total_Units_Sold"
"Apr-2023","Apparel","Chicago","110"
"Apr-2023","Equipment","Los Angeles","65"
"Apr-2023","Footwear","New York","90"
"Aug-2023","Apparel","Chicago","102"
"Aug-2023","Equipment","Los Angeles","61"
"Aug-2023","Footwear","New York","79"
"Dec-2023","Apparel","Chicago","89"
"Dec-2023","Equipment","Los Angeles","53"
"Dec-2023","Footwear","New York","71"
"Feb-2023","Apparel","Chicago","100"
"Feb-2023","Equipment","Los Angeles","40"
"Feb-2023","Footwear","New York","75"
"Jan-2023","Apparel","Chicago","120"
"Jan-2023","Equipment","Los Angeles","50"
"Jan-2023","Footwear","New York","80"
"Jul-2023","Apparel","Chicago","68"
"Jul-2023","Equipment","Los Angeles","30"
"Jul-2023","Footwear","New York","48"
"Jun-2023","Apparel","Chicago","95"
"Jun-2023","Equipment","Los Angeles","58"
"Jun-2023","Footwear","New York","82"
"Mar-2023","Apparel","Chicago","85"
"Mar-2023","Equipment","Los Angeles","35"
"Mar-2023","Footwear","New York","60"
"May-2023","Apparel","Chicago","70"
"May-2023","Equipment","Los Angeles","42"
"May-2023","Footwear","New York","55"
"Nov-2023","Apparel","Chicago","115"
"Nov-2023","Equipment","Los Angeles","70"
"Nov-2023","Footwear","New York","92"
"Oct-2023","Apparel","Chicago","98"
"Oct-2023","Equipment","Los Angeles","62"
"Oct-2023","Footwear","New York","87"
"Sep-2023","Apparel","Chicago","80"
"Sep-2023","Equipment","Los Angeles","45"
"Sep-2023","Footwear","New York","65"
