Month,Product Category,Brand,Store Location,Units Sold
Jan-2023,Apparel,Nike,Chicago,120
Jan-2023,Footwear,Adidas,New York,80
Jan-2023,Equipment,Wilson,Los Angeles,50
Feb-2023,Apparel,Under Armour,Chicago,100
Feb-2023,Footwear,New Balance,New York,75
Feb-2023,Equipment,Spalding,Los Angeles,40
Mar-2023,Apparel,The North Face,Chicago,85
Mar-2023,Footwear,Brooks,New York,60
Mar-2023,Equipment,Rawlings,Los Angeles,35
Apr-2023,Apparel,Columbia,Chicago,110
Apr-2023,Footwear,Asics,New York,90
Apr-2023,Equipment,Easton,Los Angeles,65
May-2023,Apparel,Patagonia,Chicago,70
May-2023,Footwear,Saucony,New York,55
May-2023,Equipment,Marucci,Los Angeles,42
Jun-2023,Apparel,Arc'teryx,Chicago,95
Jun-2023,Footwear,Hoka One One,New York,82
Jun-2023,Equipment,Mizuno,Los Angeles,58
Jul-2023,Apparel,Outdoor Research,Chicago,68
Jul-2023,Footwear,Altra,New York,48
Jul-2023,Equipment,Louisville Slugger,Los Angeles,30
Aug-2023,Apparel,Mountain Hardwear,Chicago,102
Aug-2023,Footwear,On Running,New York,79
Aug-2023,Equipment,DeMarini,Los Angeles,61
Sep-2023,Apparel,Marmot,Chicago,80
Sep-2023,Footwear,Salomon,New York,65
Sep-2023,Equipment,Victrix,Los Angeles,45
Oct-2023,Apparel,Patagonia,Chicago,98
Oct-2023,Footwear,Hoka One One,New York,87
Oct-2023,Equipment,Easton,Los Angeles,62
Nov-2023,Apparel,The North Face,Chicago,115
Nov-2023,Footwear,Brooks,New York,92
Nov-2023,Equipment,Rawlings,Los Angeles,70
Dec-2023,Apparel,Columbia,Chicago,89
Dec-2023,Footwear,Asics,New York,71
Dec-2023,Equipment,Spalding,Los Angeles,53
