Product ID,Product Name,Units on Hand,Purchase Price,Lead Time (Days)
ABC001,Running Shoes (Men's),25,75.0,30
ABC002,Tennis Racket,10,120.0,45
ABC003,Baseball Jersey (Youth),40,25.0,20
ABC004,Yoga Pants (Women's),15,40.0,15
ABC005,Basketball (Men's),32,85.0,40
ABC006,Sports Bra (Women's),20,30.0,25
ABC007,Baseball Bat (Aluminum),18,55.0,35
ABC008,Baseball Glove (Youth),25,22.0,15
ABC009,Soccer Ball,48,38.0,20
ABC010,Yoga Mat,12,45.0,10
ABC011,Water Bottle (Stainless Steel),35,15.0,20
ABC012,Running Shorts (Men's),17,28.0,18
ABC013,Tennis Balls (Can),85,5.0,15
ABC014,Badminton Racket,6,60.0,40
ABC015,Fitness Tracker,22,99.0,30
ABC016,Hiking Backpack,10,130.0,50
ABC017,Camping Tent,5,180.0,60
ABC018,Sleeping Bag,8,125.0,45
ABC019,Bicycle Helmet,14,50.0,25
ABC020,Bicycle (Adult),3,450.0,90
