ID,Full Name,GPA,Major,Honor Student,State Resident,Tuition,Financial Aid,Cost,First Name,Last Name
100,Lawrence Rodriguez,2.66,Theatre,No,Yes,20000.0,13674,6326.0,Lawrence,Rodriguez
99,Mary Sampson,3.43,Art,No,Yes,20000.0,8653,11347.0,Mary,Sampson
98,Donald Blevins,3.52,Theatre,Yes,Yes,20000.0,12147,7853.0,Donald,Blevins
94,Michael Miller,3.91,Art,Yes,No,30000.0,13234,16766.0,Michael,Miller
92,John Ramirez,3.75,Art,Yes,Yes,20000.0,7133,12867.0,John,Ramirez
90,Stephanie Stevenson,2.0,English,No,Yes,20000.0,13431,6569.0,Stephanie,Stevenson
88,Karen Davies,2.27,History,No,Yes,20000.0,7821,12179.0,Karen,Davies
85,Martin Mason,2.18,English,No,Yes,20000.0,6853,13147.0,Martin,Mason
84,Megan Brown,2.19,English,No,No,30000.0,5350,24650.0,Megan,Brown
83,Phyllis Johnson,2.03,Biology,No,Yes,20000.0,6278,13722.0,Phyllis,Johnson
82,Peter Hansen,2.94,Chemistry,No,No,30000.0,7489,22511.0,Peter,Hansen
81,Angela Mora,3.86,Physics,Yes,Yes,20000.0,12031,7969.0,Angela,Mora
79,Jill Lopez,2.75,Spanish,No,No,30000.0,10873,19127.0,Jill,Lopez
78,William Caldwell,2.79,Philosophy,No,No,30000.0,10663,19337.0,William,Caldwell
77,Robert Davidson,3.26,Chemistry,No,No,30000.0,8210,21790.0,Robert,Davidson
76,John Young,3.47,Chemistry,No,No,30000.0,9403,20597.0,John,Young
75,Christopher Garrison,3.32,Biology,No,No,30000.0,12956,17044.0,Christopher,Garrison
71,Ruben Price,2.03,Theatre,No,No,30000.0,9704,20296.0,Ruben,Price
70,Kenneth Rollins,2.37,Art,No,Yes,20000.0,9461,10539.0,Kenneth,Rollins
69,Joyce Rivera,2.27,Biology,No,Yes,20000.0,9485,10515.0,Joyce,Rivera
68,Lisa Lewis,3.08,Philosophy,No,Yes,20000.0,10445,9555.0,Lisa,Lewis
67,Jennifer Bray,2.48,Chemistry,No,Yes,20000.0,6742,13258.0,Jennifer,Bray
66,Christina Osborne,3.11,History,No,Yes,20000.0,7542,12458.0,Christina,Osborne
65,Christopher Hernandez,2.08,History,No,No,30000.0,9378,20622.0,Christopher,Hernandez
64,Jacob Martinez,2.22,Art,No,Yes,20000.0,14655,5345.0,Jacob,Martinez
63,Mark Hines,3.34,English,No,Yes,20000.0,14912,5088.0,Mark,Hines
62,Kimberly Brown,3.7,English,Yes,No,30000.0,12401,17599.0,Kimberly,Brown
61,Samantha Steele,2.56,Spanish,No,No,30000.0,13103,16897.0,Samantha,Steele
58,Renee Austin,2.6,Business,No,Yes,20000.0,9818,10182.0,Renee,Austin
57,Angela Oneill ,2.58,Spanish,No,Yes,20000.0,7064,12936.0,Angela,Oneill 
56,John Moore,2.35,Business,No,Yes,20000.0,8745,11255.0,John,Moore
54,Stanley Dean,3.75,Philosophy,Yes,Yes,20000.0,11481,8519.0,Stanley,Dean
53,Richard Coleman,2.1,Biology,No,Yes,20000.0,12633,7367.0,Richard,Coleman
52,Melissa Hancock,2.79,English,No,Yes,20000.0,11960,8040.0,Melissa,Hancock
51,James Tran ,2.53,Art,No,Yes,20000.0,5369,14631.0,James,Tran 
50,Luis Stevenson,3.72,Art,Yes,Yes,20000.0,11464,8536.0,Luis,Stevenson
48,Melissa Lewis,3.61,History,Yes,Yes,20000.0,11571,8429.0,Melissa,Lewis
47,Jennifer Perkins,2.88,English,No,Yes,20000.0,14608,5392.0,Jennifer,Perkins
46,Daniel Benson,3.75,Spanish,Yes,Yes,20000.0,8995,11005.0,Daniel,Benson
45,Chase Sanders,3.11,Biology,No,No,30000.0,5594,24406.0,Chase,Sanders
43,Tamara Lowe,2.65,Biology,No,Yes,20000.0,5761,14239.0,Tamara,Lowe
42,Summer Baker,2.51,Spanish,No,Yes,20000.0,12094,7906.0,Summer,Baker
41,Brenda Valentine,3.1,Physics,No,No,30000.0,9915,20085.0,Brenda,Valentine
40,Brittany Jones,3.18,Chemistry,No,Yes,20000.0,14916,5084.0,Brittany,Jones
37,Renee Marquez,3.65,Art,Yes,Yes,20000.0,11019,8981.0,Renee,Marquez
36,Jose Barnes,3.33,History,No,No,30000.0,13846,16154.0,Jose,Barnes
35,Sandra Jones,3.57,Chemistry,Yes,Yes,20000.0,12543,7457.0,Sandra,Jones
34,Eric Moore,3.4,Spanish,No,Yes,20000.0,10785,9215.0,Eric,Moore
33,Robert Gonzalez,3.63,History,Yes,Yes,20000.0,12805,7195.0,Robert,Gonzalez
32,Joshua Hughes,3.42,Philosophy,No,Yes,20000.0,10176,9824.0,Joshua,Hughes
31,Kimberly Hayes,2.7,English,No,No,30000.0,10327,19673.0,Kimberly,Hayes
30,Cynthia Byrd,2.28,Mathematics,No,Yes,20000.0,11964,8036.0,Cynthia,Byrd
28,Ricardo Aguilar,2.23,Spanish,No,Yes,20000.0,11276,8724.0,Ricardo,Aguilar
27,Kristy Gray,3.36,Biology,No,Yes,20000.0,5200,14800.0,Kristy,Gray
24,Mark Hester,2.52,Theatre,No,Yes,20000.0,8671,11329.0,Mark,Hester
23,Rose Rios,3.97,Economics,Yes,Yes,20000.0,11038,8962.0,Rose,Rios
18,Alexandra Green,3.12,Art,No,No,30000.0,7087,22913.0,Alexandra,Green
17,Alexandra Green,2.46,History,No,Yes,20000.0,5180,14820.0,Alexandra,Green
16,Kari Estrada,3.75,Art,Yes,Yes,20000.0,12814,7186.0,Kari,Estrada
15,Lisa Chen,2.05,Art,No,Yes,20000.0,11967,8033.0,Lisa,Chen
14,Rachel Salinas,2.7,Business,No,Yes,20000.0,11405,8595.0,Rachel,Salinas
13,David Ortiz,3.04,Art,No,Yes,20000.0,14902,5098.0,David,Ortiz
10,Joshua Ware,3.29,English,No,No,30000.0,11174,18826.0,Joshua,Ware
7,Rhonda Wilcox,2.1,Art,No,Yes,20000.0,9468,10532.0,Rhonda,Wilcox
6,Karen Carson,2.47,Theatre,No,Yes,20000.0,10260,9740.0,Karen,Carson
5,Chelsea Flores,3.01,Chemistry,No,Yes,20000.0,9534,10466.0,Chelsea,Flores
2,Anthony Martinez,2.86,History,No,Yes,20000.0,6479,13521.0,Anthony,Martinez
1,Nicole Allen,3.17,Biology,No,Yes,20000.0,9677,10323.0,Nicole,Allen
