id,age,albumin,alcohol,alt,ast,bmi,comorbid,creatinine,genotype,hb,idu,inr,liver,plt,race,rna_baseline,treatment,wbc
3,28,4,0,53,86,,abnl MRI,1,2,13,0,1,2.2 cm mass - fat. 13 cm. ,177,White,1000000,peg low,10
4,20,3,0,56,99,26,Unknown,1,1,14,0,1,Normal,84,Black,684600,peg low,4
5,81,4,0,36,41,30,"HTN, previous therapy c rebetron?",1,1,15,0,1,Normal,195,Black,670000,peg high,5
6,43,5,0,78,56,26,"HTN, Depression",1,1,15,0,1,Mildly Nodular. Heterogenous echotexture. 15.2 cm.,307,White,548000,peg low,8
7,23,5,0,68,62,34,n.s.,1,1,15,1,1,Heterogenous parenchyma,195,White,850000,peg high,6
8,41,4,0,21,37,27,571.5 & GI bleeding,1,1,12,0,1,Increased echotexture,191,White,293000,peg low,8
9,58,5,0,184,104,24,Depression,1,1,16,0,1,Fatty infiltration,332,White,836000,peg low,11
10,81,4,0,18,20,21,"Cryoglobulinemia, Depression",1,1,13,0,1,Normal (15.4),203,White,728000,peg low,7
11,33,4,1,164,107,32,n.s. until 2006,1,1,13,1,1,Normal,185,White,111720,peg high,4
12,82,5,1,189,154,31,None,1,1,15,1,1,Coarsened echotexture. Fibrofatty infiltration,206,Black,1000000,peg high,7
13,60,3,0,122,116,36,DJD,1,1,14,0,1,Fatty Infiltration (14.7),101,Black,560700,peg high,9
14,45,5,0,59,44,35,n.s.,1,1,17,0,1,Normal 14.8 cm,212,White,850000,peg high,6
15,79,3,0,89,184,36,HTN,1,1,15,0,1,"Coarse echotexture, Fibrofatty infiltration, Hepatomegaly (18.8 cm), Nodular",74,Black,516000,peg low,5
16,46,5,0,27,24,22,Depression,1,UNKNOWN,11,1,0,,344,Black,444000,peg low,4
17,27,5,0,84,57,36,HTN,1,1,17,1,1,Normal,225,White,466000,peg high,6
18,72,5,0,60,50,,Chronic pancreatitis,1,3,19,0,1,Normal,249,White,716000,peg low,8
19,68,4,0,96,112,28,"Hepatitis B (DNA 3500 pg/dl), Afib, COPD, Hx of TB, Hx of Crescentic GN",1,3,17,1,0,Nodular. Coarse echotexture. Hepatomegaly (21 cm),209,White,890000,peg high,9
20,67,5,0,62,40,33,"HTN, CKD (CrCl 65, Cr 1.7), Asthma",2,1,17,0,1,Normal. 13.2 cm,301,Black,608000,peg high,7
22,51,5,0,306,179,27,n.s.,1,2,16,0,1,Normal,196,Black,60100,peg low,7
23,23,5,0,217,121,26,n.s.,1,2,17,1,1,Normal. 14.9 cm,194,White,850000,peg low,6
24,42,5,0,57,47,47,"HTN, Asthma",1,1,15,0,1,Increased echogenicity,198,Black,909000,peg high,9
25,88,5,0,48,26,26,Depression,1,1,15,1,1,Normal (14.7),262,Other,540000,peg high,9
26,70,4,1,137,181,26,None,1,1,16,1,1,Normal,63,White,183000,peg low,5
27,21,3,0,103,488,29,"HTN, Depression, T2DM",1,1,13,0,1,Fatty Infiltration. ,148,Black,301000,peg low,8
28,72,4,0,147,111,23,"ESRD s/p CRT, T2DM, HTN",1,2,16,0,1,Normal (14),186,Other,850000,peg low,7
29,54,4,0,137,96,28,Cirrhosis,1,1,15,0,1,Nodular. Normal echogenicity,139,White,618800601,peg low,7
30,70,4,0,43,52,34,n.s.,1,1,16,1,1,Hepatomegaly (21.2 cm),315,Black,850000,peg low,10
31,80,4,0,33,38,19,None,1,"1, 3",15,0,1,Coarsened echotexure. Nodular surface,256,Black,296000,peg low,9
32,28,5,0,563,522,27,"Depression, HTN",1,3,16,1,1,"Fatty infiltration, Hepatomegaly (16.4 cm)",174,White,574000,peg high,6
33,53,4,0,126,91,28,n.s.,1,2,15,1,1,Normal 18 cm,220,White,22200,peg high,7
34,81,4,0,219,297,30,"HTN, T2DM, Lichen Planus",1,1,15,0,1,Coarse Echotexture; Nodular,93,Black,238000,peg low,6
35,73,4,0,63,47,28,n.s.,1,2,14,0,1,Fatty infiltration,278,Other,282000,peg low,7
36,36,4,0,50,67,27,571.5 ,1,2,13,1,1,Coarse echotexture. Nodular.,88,White,539700,peg high,4
37,30,5,0,35,38,25,n.s. Psoriasis,1,1,14,0,1,Normal,196,White,391000,peg low,5
38,72,4,1,224,198,20,n.s.,1,Indeterminate,13,0,1,Normal,165,White,652000,peg high,9
39,89,3,0,152,137,28,"Depression, Cirrhosis",1,1,14,0,1,Nodular,53,Other,437000,peg low,3
40,71,5,0,105,62,31,"Bells Palsy, Depression, Bipolar, Cryoglobulinemia",1,1,13,0,1,Normal,266,White,1000000,peg low,12
41,83,3,0,61,62,32,COPD,1,2,14,0,1,Nodular. Inhomogenous echotexture.,134,Other,117000,peg low,6
42,37,5,1,239,142,29,HTN Psoriasis,1,1,16,0,1,Normal,186,White,139000,peg high,6
43,82,5,0,34,32,26,Depression,1,2,15,1,1,Normal,276,White,609000,peg low,6
44,82,4,1,49,55,35,"DVT 2/2 OCPs, depression/anxiety",1,3,17,1,1,Normal,194,White,252000,peg high,7
45,72,5,0,56,57,28,"h/o CVA, hypothyroidism, HTN",1,3,15,0,1,Normal (15.8),215,White,134000,peg high,6
46,84,4,0,87,93,23,"Hemophilia A, HIV on HAART CD4 628, T2DM on orals",1,1,15,0,1,Normal. 16.5 cm,200,Other,602000,peg low,6
47,68,3,1,87,116,35,"Depression, Cirrhosis",1,1,14,0,1,Nodular. Varices. ,102,Black,478800,peg high,5
48,34,5,0,50,41,22,n.s. acne,1,1,16,0,1,Normal 14.3 cm,150,Black,460000,peg low,5
49,78,3,0,156,276,23,Cirrhosis (EV c bleeding),1,1,12,0,1,Nodular (12.4 cm),86,White,310000,peg low,4
51,80,4,0,20,43,25,n.s. Abdominal pain,1,6,15,0,1,Normal,261,Other,555000,peg low,7
52,43,4,0,58,68,51,"Depression, Cirrhosis",1,1,15,1,1,"Nodular, Hepatomegaly (16 cm)",92,Other,162000,peg high,6
54,60,4,0,147,199,64,"HTN, Depression (off meds)",1,1,14,1,1,Normal,72,Other,52300,peg high,7
55,41,4,0,49,47,28,n.s.,1,1,14,0,1,,234,Black,417000,peg low,8
57,76,5,0,94,57,17,"Hepatitis B (HBeAb+, DNA <1620)",1,1,16,0,1,Normal. 13 cm. ,168,White,10500,peg low,7
58,40,4,0,70,53,19,"Hgb E trait, HTN",1,1,10,0,1,Normal,174,Other,500000,peg low,5
59,34,3,0,81,125,35,Cirrhosis,1,1,13,0,1,Normal,50,Black,447000,peg low,4
60,70,3,0,45,46,38,T2DM,1,1,14,0,2,Hepatomegaly 19.3 cm. Nodularity.,94,Black,13500,peg high,5
61,68,4,0,48,57,25,Depression,1,3,13,0,1,Nodularity. Coarse echotexture. 13 cm.,73,White,404000,peg low,3
62,84,4,0,72,59,23,n.s.,1,2,15,0,1,Normal (16.6 cm),197,White,500000,peg high,5
63,67,3,1,104,133,26,"T2DM, Cirrhosis 2/2 ALD and HCV c/b, EVB s/p splenorenal shunt",1,1,16,0,1,Nodular,92,Black,270000,peg low,5
64,44,5,0,33,32,22,Hepatitis B on lamivudine,1,2,15,0,1,Normal. 10.4 cm,189,Other,2040,peg low,4
65,71,3,0,59,76,35,HTN,1,1,11,1,2,Subtle nodularity. 16 cm.,163,Black,54100,peg high,6
66,31,5,0,129,55,34,n.s.,2,1,17,0,1,Normal,284,White,190000,peg high,9
67,41,4,0,40,75,28,Bipolar,1,1,16,0,1,Hepatomegaly 10.5 cm,205,Black,500000,peg low,7
68,28,5,1,52,42,25,n.s. alcohol,1,2,13,0,1,Normal. 13 cm. ,207,White,850000,peg low,6
69,65,4,0,274,102,26,Previously treated in 2001,0,1,16,0,1,,228,Other,636000,peg low,7
70,37,5,0,43,44,28,n.s.,1,1,16,0,1,Normal,286,White,213000,peg high,8
71,83,5,1,74,42,37,"T2DM, HTN",1,1,18,0,1,1.4 cm echogenic density (hemangioma),150,White,500000,peg high,9
72,59,5,0,148,65,28,n.s.,1,3,17,0,1,Normal,210,White,569000,peg low,6
73,26,5,0,121,76,30,COPD,1,1,15,1,1,Normal (14.9 cm),316,Other,337000,peg low,8
74,48,5,0,47,82,26,Depression,0,2,0,0,0,,0,White,25800,peg low,0
75,18,4,0,121,102,35,Thyroid disease,1,3,16,0,1,Nodular. Heterogenous parenchyma.,144,White,811000,peg high,8
76,66,4,0,207,121,31,None,1,1,15,0,1,Normal,158,White,189000,peg high,7
77,43,5,0,171,87,33,"HTN, Depressioin",1,1,16,0,1,Normal,187,Black,315000,peg high,7
78,24,5,0,103,67,26,psoriasis,2,"2, 4",16,0,1,Normal 14.8 cm,249,Other,318000,peg low,6
79,27,5,0,66,41,29,n.s.,1,1,15,0,1,Mild nodularity. Coarse echotexture. 15.5 cm,206,Other,500000,peg low,6
80,35,4,0,82,69,41,"Cirrhosis (Ascites, Varices)",1,1,16,0,1,Coarse Echotexture,125,Other,101000,peg high,8
81,42,4,0,234,286,40,"HTN, HIV (CD 4 714, VL <400), Depression",1,3,17,1,1,Hepatomegaly 21 cm,141,White,850000,peg high,6
82,48,4,0,60,87,24,n.s.,1,3,16,1,1,Coarsened echotexture. Nodular,216,White,500000,peg low,6
83,21,5,0,23,16,24,"cryoglobulinemia, lcv, depression",0,1,14,0,1,Normal,373,White,302000,peg low,7
84,24,3,0,38,64,41,n.s.,1,1,14,0,1,Normal,427,White,681000,peg high,8
85,19,5,0,78,53,32,Depression,1,1,16,0,1,Normal,202,Other,500000,peg high,6
87,18,5,0,33,29,23,n.s.,1,1,16,0,1,Normal,228,Black,12700000,peg high,5
89,79,4,1,46,56,20,"Cirrhosis, ALD, c/b EVB",1,1,15,0,1,"Nodular, Inhomogenous",91,White,1000000,peg low,6
90,89,5,0,184,133,25,HTN,1,1,15,0,1,Normal (14.5 cm),158,Black,618000,peg low,5
92,89,4,0,97,112,32,"T2DM, HTN, Cirrhosis (EV)",1,3,13,0,1,nonocclusive PVT; varices,63,Other,338000,peg low,3
93,82,4,0,42,39,30,n.s. GERD,1,3,15,0,1,Normal (14.4 cm),332,Other,243000,peg high,10
94,88,5,0,51,39,28,"testicular cancer, DM 2006",1,2,17,0,1,Fatty infiltration. 17.1 cm,213,White,500000,peg low,8
95,35,5,1,47,54,28,"Atrial Fibrillation, MVR 2/2 Endocarditis, HTN,  DJD",1,1,16,1,0,Normal (17),250,Black,426000,peg high,5
96,68,5,0,235,137,22,None,1,1,15,0,1,Normal (14.8),311,White,301000,peg low,7
98,50,4,0,109,74,23,n.s.,1,1,15,0,0,,275,Other,573000,peg high,8
99,60,5,0,69,45,25,HTN,1,1,13,0,1,Normal,204,Black,2010000,peg low,5
100,45,5,0,92,75,25,"HTN, Depression",1,3,16,1,1,Heterogenous parenchyma. 15.7 cm,237,White,500000,peg low,9
101,68,5,1,41,29,29,"T2DM, HTN, GIST s/p partial gastrectomy",1,1,16,0,1,Normal,264,Black,500000,peg low,7
102,89,4,0,48,43,33,Depression,1,1,13,0,1,Normal. 15.7 cm,105,White,1630000,peg high,4
103,66,4,0,59,51,44,"?Lupus, HTN, Hypothyroidism 2/2 Pituitary Resection, Depression",1,1,14,0,1,Normal,301,Black,241000,peg high,7
104,61,5,0,115,70,29,"Hypothyroid, (on digoxin?)",1,1,17,0,1,Heterogenous parenchyma.,374,Other,86100,peg low,11
105,75,4,0,165,75,27,Depression,1,1,16,0,1,Fatty infiltration. 15.2 cm,248,White,500000,peg high,6
106,74,4,0,179,156,28,"Depression, Cirrhosis",1,2,15,0,1,Fatty Infiltration,101,White,500000,peg low,4
107,65,5,0,22,17,30,"ESRD s/p CRT failed, on HD; T2DM; HTN",10,1,12,0,1,Normal,157,White,500000,peg high,5
108,25,5,0,75,47,26,Depression,1,1,17,0,1,Normal (11.1 cm),215,White,576000,peg low,6
109,68,4,0,52,49,40,"T2DM, HTN",1,1,13,0,1,Normal,229,Black,500000,peg high,5
110,81,5,0,61,38,33,"Depression, hemophilia A",1,1,17,0,1,Normal,253,White,500000,peg high,9
111,56,4,0,61,92,35,"T2DM, HTN",1,1,14,0,1,Fatty infiltration. Coarse echotexture.,411,Black,1120000,peg high,11
112,78,5,0,55,34,28,n.s.,1,1,18,1,1,Normal 13.7 cm,222,White,500000,peg low,8
113,85,4,0,42,33,27,"n.s. GERD, hypercholesterolemia",1,1,14,1,1,Normal,205,Black,372000,peg high,6
114,31,4,0,62,89,23,Cirrhosis,1,1,14,1,1,Nodular. Prominent caudate lobe.,104,Black,2980000,peg low,6
115,58,5,0,159,99,25,PCT,1,1,17,0,1,Normal,302,White,454000,peg high,9
116,56,4,1,49,62,32,"CKD,  Hypothyroidism, Depression",1,1,13,0,1,Normal. 14.5 cm.,271,Black,337000,peg high,8
117,74,5,0,54,39,20,n.s.,1,1,13,0,1,Negative,283,Black,153000,peg low,6
118,27,5,0,68,39,36,Depression,1,1,15,1,1,Minimally coarsened echotexture.,173,Black,2650000,peg high,4
120,49,5,0,82,36,42,n.s.,1,1,14,0,1,Fibrofatty infiltration,175,White,407000,peg high,9
121,28,4,0,93,47,31,Depression,1,2,16,0,1,Normal,265,White,9200000,peg high,12
122,42,4,0,78,60,43,Hepatitis B,1,1,16,0,1,Coarse Echotexture (Fibrofatty infiltration),218,White,500000,peg high,7
123,52,5,0,82,41,24,Depression,0,1,14,0,1,Normal,147,White,1000000,peg low,3
124,55,5,0,90,45,37,Depression,1,1,16,0,1,Normal,220,White,432000,peg high,7
125,23,4,0,48,45,29,Asthma,1,4,13,1,1,2.2 cm mass (hemangioma),207,Black,35900,peg low,5
126,23,5,0,38,37,30,HTN,1,1,16,0,1,Normal,276,Black,229000,peg low,6
127,67,4,0,51,42,26,Hypothyroidism post-Rx,1,3,14,0,1,Fibrofatty infiltration,283,White,500000,peg low,6
128,24,4,0,122,80,26,Thyroid disease,1,6,16,0,1,Normal (14),265,Other,21000,peg low,7
129,28,4,0,85,49,36,"Depression (on meds), Medullary sponge disease",1,2,14,1,1,Fatty infiltration ,289,White,500000,peg low,8
130,81,5,0,62,42,25,Depression,1,1,16,1,1,Fatty infiltration (17),241,White,288000,peg low,7
131,36,5,0,444,157,26,n.s.,1,1,14,1,1,6-7 mm hypervascular lesion,258,White,500000,peg high,7
132,21,5,1,56,44,25,Chronic hepatitis B,1,2,16,1,1,Normal (16.8 cm),112,White,9000000,peg low,8
133,45,4,1,102,88,35,571.5 ascites 2005-2006,0,1,15,1,1,Nodular. Heterogenous parenchyma. ,90,White,3000000,peg high,5
134,73,5,0,59,45,22,n.s.,1,6,15,0,1,Fibrofatty infiltration,145,Other,74000,peg low,6
135,72,4,0,59,61,26,"h/o prostate CA s/p XRT, T2DM",1,1,16,0,1,Mild hepatomegaly.,205,Black,291000,peg high,5
136,50,4,0,45,50,34,Depression,1,1,14,0,1,Fatty Infiltration,255,White,8470000,peg low,8
137,47,4,1,180,477,24,"HIV/AIDS (CD4 96, VL <400), Depression",1,1,12,0,2,Increased echogenicity c/w hepatitis (18.7 cm),275,Other,21000000,peg low,4
138,39,4,0,33,40,27,MPGN and nephrotic proteinuria,1,3,14,0,1,Normal 15.7 cm,233,White,6310000,peg low,7
139,67,4,1,127,137,18,"Chronic pancreatitis, COPD",1,1,13,0,1,Mild nodularity ,110,White,24800,peg low,5
140,69,5,1,179,109,21,571.5,0,1,14,1,1,Normal (15.2),180,White,500000,peg low,4
141,59,5,1,74,39,37,"inactive Hepatitis B, Depression ",1,1,16,0,1,Hepatomegatly. 18.5 cm,315,White,500000,peg high,9
142,31,4,0,54,40,24,T2DM,1,2,13,0,1,Hepatomegaly (18.5),209,White,500000,peg low,9
143,26,4,0,25,30,25,None,1,4,14,0,1,Normal (16.7),249,Black,4400000,peg low,5
144,61,4,0,84,85,34,Depression,1,1,15,0,1,Normal,237,Black,500000,peg high,7
145,63,4,0,27,26,26,"Depression, RA (on tx)",1,2,14,0,1,Normal. 15.7 cm.,253,Other,4860000,peg low,10
146,64,4,0,56,59,44,HTN,1,1,15,0,1,Fatty infiltration. Hepatomegaly (20 cm). Subtle nodularity.,198,Black,473000,peg high,9
147,90,4,0,134,70,33,"HTN, Cirrhosis c EVB",1,1,13,0,1,Hepatomegaly (18.4); ascites,155,White,465401,peg high,4
148,72,4,0,25,27,30,"T2DM, HTN",1,1,15,0,1,Coarsened echotexture. Nodular,289,Black,11000000,peg low,15
149,31,3,0,45,93,38,"COPD, hypothyoridism",1,1,14,0,1,Normal,88,Black,274000,peg low,4
150,62,4,0,334,360,23,Depression,1,1,16,1,1,Normal,219,White,25100,peg low,7
151,59,0,0,181,91,42,none,1,3,15,0,1,,266,Black,3930000,peg high,7
152,44,4,0,42,54,25,"T2DM, HTN, Cirrhosis (EV)",1,1,13,0,1,Coarse Echotexture,147,Other,500000,peg low,6
153,40,4,1,91,79,32,"GERD, Depression",1,1,13,1,1,Normal 16 cm,224,Black,500000,peg high,4
154,19,3,0,141,150,26,"T2DM, Cirrhosis s/p TIPS for EVB",1,1,15,0,2,Coarse Echotexture. Nodularity. TIPS,87,Other,78000,peg low,5
155,66,4,0,60,51,37,n.s.,1,1,15,1,1,Increased echogenicity,234,Other,3560000,peg high,7
156,49,4,0,77,84,30,"HTN, Cerv CA s/p TAH, Osteoporosis, Hemochromatosis, Depression, Anxiety, CKD (Cr 1.6)",2,1,12,0,1,Normal,200,Black,5760000,peg low,4
157,87,3,0,40,48,32,Cirrhosis c h/o EVB,1,1,12,0,1,Nodular. Heterogenous. 15 cm.,73,Other,1730000,peg high,4
158,24,5,0,73,40,23,None,1,3,16,0,1,Normal. (16.8),203,White,4360000,peg low,7
159,82,4,0,48,59,27,"Bipolar d/o, IBS, GERD",1,1,15,1,1,Fatty infiltration. 17.1 cm,92,White,391000,peg low,5
160,60,4,0,62,91,37,"T2DM, HTN, Depression, DJD",1,1,15,1,1,Hepatomegaly. 17.6 cm. ,110,Black,4030000,peg high,4
161,47,4,0,67,53,46,"CHF, T2DM, HTN",1,1,15,0,1,Increased echogenicity c/w fatty infiltration vs. diffuse hepatocellular disease,200,White,3020000,peg high,9
162,66,4,0,99,77,,"T2DM, HTN",1,1,15,1,1,Fatty infiltration. 22. ,164,White,496000,peg high,10
163,48,4,0,37,49,50,CAD s/p MI,1,2,13,0,1,Nodular. Coarse echotexture. ,177,Black,500000,peg high,6
164,72,4,0,432,187,43,"Hypothyroidism, Gerd, Depression",,1,14,0,1,Fatty infiltration. 18.6 cm,203,Other,58800,peg high,5
165,70,4,0,49,56,20,HTN 2005 PVD 2005,1,1,18,0,1,Hepatomegaly 16.3 cm. Heterogenous parenchymal echotexture.,120,Black,1720000,peg low,7
166,79,4,1,42,70,32,"T2DM, HTN",1,1,13,1,1,Normal (16),198,Black,574000,peg high,5
167,75,4,0,135,93,47,"T2DM, HTN, HLD, Depression",1,2,15,0,1,,258,White,84000,peg high,10
168,32,4,0,162,182,50,"HTN, Asthma, Hypothyroid, GERD",1,2,15,0,1,Coarse echotexture. 17 cm.,114,White,4040000,peg high,5
169,46,5,0,49,27,24,Failed LRDKT 2/2 ESRD on HD,7,1,14,0,1,Normal,161,White,83600,peg low,6
170,35,4,0,97,100,23,n.s. PUD,1,4,14,0,1,Mildly coarsened echotexture. 14 cm.,200,Other,372000,peg low,5
171,43,4,0,25,30,34,Depression,1,2,14,0,1,Normal,245,White,6930000,peg high,6
172,74,5,0,24,26,32,"Depression, DJD",1,2,13,0,1,Normal,314,White,7280000,peg low,7
173,72,4,0,46,73,22,571.5 Hydrothorax 2005,1,1,13,0,1,Nodular,94,Other,578000,peg low,4
174,35,5,0,63,39,30,Depression,1,1,15,0,1,Hepatomegaly. 17.6 cm. ,140,White,332000,peg high,3
175,30,5,0,47,45,26,Hypothyroidism,1,1,14,0,1,15.8 cm,207,Other,61300,peg low,6
176,84,3,0,42,44,36,"T2DM, HTN",1,4,16,0,1,Normal. 17 cm,227,Black,229000,peg high,7
177,41,0,0,0,0,41,"T2DM, HTN",1,1,10,1,1,Fibrofatty infiltration,285,Black,1730,peg high,7
178,83,4,0,17,16,27,n.s.,1,1,13,0,1,Hepatomegaly. 17.7 cm,264,Black,1700000,peg low,9
179,24,5,0,53,52,37,HTN,1,1,14,0,1,Normal 15.9 cm,174,Black,89500,peg low,7
180,64,4,0,135,112,32,HIV (no therapy),1,1,17,0,1,Fatty Infiltration. 15.7 cm,115,Other,8250000,peg low,4
181,77,5,0,38,35,21,"HIV (CD4 401, VL <400) on HAART",1,1,16,1,1,Normal,240,Black,991000,peg low,6
182,81,4,0,67,67,30,"Osteoarthritis, HTN",1,1,14,1,1,Normal,173,Black,637000,peg low,11
183,20,5,1,55,94,35,"COPD, HTN, T2DM",1,1,15,1,1,Fatty infiltration. Hepatomegaly. 20 cm.,214,Black,3160000,peg high,7
184,31,4,0,46,58,32,"Bipolar, HTN, Asthma",1,3,14,1,1,Coarse echotexture. Nodularity. Hepatomegaly (20 cm),95,White,163000,peg high,4
185,60,4,0,40,27,24,Depression,1,1,13,1,1,Normal,239,White,327000,peg low,7
186,47,4,0,101,94,35,T2DM (no meds),1,1,15,0,1,Hepatomegaly. 19.8 cm,212,Black,11300000,peg high,6
187,62,4,0,36,28,44,n.s.,1,1,15,1,1,Fatty infiltration (20 cm),233,White,389000,peg high,8
188,31,4,1,53,53,27,"Asthma, Depression, Anxiety",1,1,16,1,1,Normal,198,White,2050000,peg low,8
189,44,4,0,27,35,39,"T2DM, HTN, asthma",1,1,14,0,1,Nodule,207,Black,3070000,peg high,9
190,28,4,1,64,37,21,Social,1,1,15,1,1,Small perihepatic fluid,231,White,76200,peg low,9
191,18,5,0,46,36,30,HTN,1,1,15,1,2,Normal,318,Black,8920000,peg low,6
192,37,4,1,34,36,37,Bipolar,1,1,15,0,1,Hepatomegaly 17.5 cm,264,White,9740000,peg high,10
193,65,4,0,63,35,43,"HTN, osteoarthritis",1,2,14,0,2,Nodular. Heterogenous.,336,Black,68200,peg high,5
194,85,4,0,116,85,23,T2DM,1,3,16,0,1,Nodular. Heterogenous parenchyma. 14 cm.,220,Other,3540000,peg low,8
195,77,4,0,102,63,24,Bipolar,1,1,16,0,1,15.7 cm,249,White,90000,peg low,6
196,84,5,0,111,69,36,571.5,1,1,15,1,1,Normal. 16 cm.,357,White,638000,peg high,10
197,72,4,0,121,191,36,"T2DM, Depression",1,1,17,0,1,Fibrofatty infiltration,248,Black,3010000,peg high,6
198,56,3,0,75,93,30,"Depression, Hypothyroidism",1,1,14,0,1,Nodular. Hepatomegaly (17.5 cm). ,114,White,392000,peg high,8
199,47,4,0,95,96,29,571.5 2005,1,1,16,0,1,Normal,124,White,4060000,peg high,6
200,81,4,1,53,46,24,BPH,1,2,15,0,1,Normal 14.4 cm,200,Other,2140000,peg low,5
201,38,4,0,87,66,26,"Cryoglobulinemia/ LCV, Splenic marginal zone lymphoma s/p splenectomy",1,3,15,0,1,Nodular. Heterogenous parenchyma.,302,Other,154000,peg low,9
202,70,4,1,61,62,36,Marginal zone lymphoma,1,1,14,0,1,Nodular. Portal hypertension. 2 LDLs.,95,White,225000,peg high,5
203,75,5,0,24,27,27,"Hypothyroidism, Depression/Bipolar, Peyronies disease",1,1,15,1,1,Normal. 13.4 cm.,150,White,31800,peg low,6
204,82,4,0,30,60,36,n.s.,1,1,14,0,0,Nodular,272,Other,208000,peg high,7
205,69,4,1,41,44,24,HTN,1,1,13,1,1,Normal,126,Black,2300000,peg low,7
206,44,5,1,495,221,27,"T2DM, HLD, Depression",1,2,16,1,1,Nodular (16.5 cm),91,Black,1285820,peg low,4
207,85,4,0,65,46,25,n.s.,1,3,14,0,0,Negative,179,Other,1480000,peg low,6
208,63,5,0,20,29,26,Depression,1,2,15,0,1,Normal,332,Other,231000,peg low,5
209,76,4,0,50,69,23,"HIV on HAART (VL <400, CD4 374)",1,1,13,1,1,Mild hepatomegaly. 18.5 cm,111,Black,1750000,peg low,4
210,53,4,0,56,42,22,"T2DM, Osteoporosis",1,2,14,0,0,Normal,140,Other,2750000,peg low,7
211,28,4,1,114,102,35,"Hypothyroidism, Anxiety",1,1,17,1,1,Nodular. Coarse echotexture. Hepatomegaly. ,150,White,747000,peg high,7
212,78,3,1,92,102,35,None,1,1,13,1,1,Normal. 14.2 cm.,98,Other,11100,peg high,4
213,43,4,1,42,32,41,"Bipolar d/o, Asthma, GERD, hypothyroidism, RA",1,3,14,1,1,Hepatomegaly (18.7 cm),176,White,1370000,peg high,7
214,61,5,0,60,43,19,"h/o uterine CA, Depression",1,1,15,0,1,Normal,318,White,57500,peg low,11
215,42,4,1,86,59,39,"T2DM, HTN, LBP",1,1,16,0,1,Nodular. Fatty infiltration. 19 cm. ,226,Black,4890000,peg high,10
216,68,4,1,26,42,34,"COPD, HTN, PTSD, AR, LBP",1,1,14,0,1,Nodular. 18.5. ,292,Black,8800000,peg high,7
217,77,4,0,58,29,31,"HTN, Asthma",1,2,16,1,1,Normal,220,White,20500000,peg high,5
218,43,4,1,76,50,28,"Depression, HTN, Bipolar",1,3,16,1,1,Fatty infiltration. 16 cm.,238,White,16700000,peg low,7
219,26,4,0,56,57,24,"HTN, Multinodular Goiter",1,"1, 4",15,0,1,Normal,179,Black,1370000,peg low,8
220,88,4,0,62,67,22,Hypothyroidism,1,2,13,0,1,Subtle nodularity.  ,126,Other,819000,peg low,4
221,27,4,0,24,24,33,"Fibromyalgia, Osteoarthritis",1,2,13,0,0,Hepatomegaly (17.7),212,White,13200000,peg low,7
222,73,3,0,55,87,29,"HTN, T2DM, Glaucoma",1,1,14,0,1,Hepatomegaly (18). Mild Nodularity,196,Black,21800000,peg low,7
223,36,3,0,152,126,25,"T2DM, HTN",1,1,14,0,1,Coarsened echotexture. Nodular,76,Other,456000,peg low,5
224,85,4,0,56,57,32,None,1,3,14,0,1,Coarsened echotexture. Nodular. ,104,Other,6110,peg low,5
225,69,4,0,79,85,39,"HTN, Depression",1,1,15,0,1,Fatty infiltration. 17.8 ,181,Black,7660000,peg high,8
226,31,4,1,137,61,23,Bipolar d/o,1,3,13,0,1,Normal,261,White,2720000,peg low,9
227,50,4,0,59,42,28,None,0,3,14,1,0,Fatty infiltration. 16.9 cm,254,White,835000,peg low,6
228,32,4,0,64,62,30,"T2DM, HTN, Depression",1,1,14,1,1,Increased echogenicity. Probably fatty infiltration. Hepatomegaly. 17 cm. ,258,Black,18400000,peg high,7
229,69,4,0,49,41,41,"HTN, Depression, Breast Cancer",1,1,14,1,1,Fatty infiltration. Hepatomegaly. 23.6 cm.,174,White,77901,peg high,5
230,36,5,0,89,68,25,None,1,1,13,0,1,Normal. 14.4 cm.,197,Other,16800000,peg low,5
231,73,4,1,31,25,37,"Depression, Hypothyroidism, HTN, COPD",1,1,15,1,1,Hepatomegaly. 18.8 cm.,173,Other,18000000,peg high,7
232,44,4,0,33,22,26,n.s.,1,1,16,0,1,Mildly nodular. Heterogenous echotexture. ,130,Other,1030000,peg low,7
233,37,4,0,145,127,28,"Cirrhosis (EV/GV), Bipolar, COPD, HTN, CKD",1,1,12,1,1,Nodular (17.1 cm),138,White,12700,peg low,6
234,89,4,1,73,73,30,"T2DM, HTN",1,1,15,0,1,Nodular,69,Black,2970000,peg low,7
235,67,4,1,27,41,,n.s.,1,1,15,1,1,Normal,201,Black,4070000,peg high,7
236,54,3,0,51,51,20,"T2DM, CKD poss 2/2 HCV c cryoglobulinemia, HTN, Anemia",2,1,12,1,1,Diffuse lymphadenopathy. Hemangioma. Ascites.,162,Other,907200,peg low,6
