Variable,Description,Values
id,Participant ID,Continuous
age,Age,Continuous
albumin,Albumin,Continuous
alcohol,History of alcohol use,"0=No, 1=Yes"
alt,Alanine aminotransferase,Continuous
ast,Aspartate aminotransferase,Continuous
bmi,BMI,Continuous
comorbid,Comorbidities,Free-text description
creatinine,Creatinine,Continuous
genotype,HCV genotype,"1,2,3,4,6"
hb,Hemoglobin,Continuous
idu,History of injection drug use,"0=No, 1=Yes"
inr,International normalized ratio,Continuous
liver,Liver biopsy,Free-text description
plt,Platelets,Continuous
race,Race,"White, Black, Other"
rna_baseline,HCV RNA level,Continuous
treatment,HCV treatment regimen,"peg low, peg high"
wbc,White blood cell count,Continuous
