﻿Variable,,,Field Name,,,Code structure description,,
Sex,,,SEX,,,"M, F, U",,
Decedent's Age--Units,,,AGE ,,,"1 - 135, 999 = unknown",,
Decedent of Hispanic Origin?--Mexican,,,DETHNIC1,,,"N, U, or H = Yes",,
Decedent of Hispanic Origin?--Puerto Rican,,,DETHNIC2,,,"N, U, or H = Yes",,
Decedent of Hispanic Origin?--Cuban,,,DETHNIC3,,,"N, U, or H = Yes",,
Decedent of Hispanic Origin?--Other,,,DETHNIC4,,,"N, U, or H = Yes",,
"Decedent of Hispanic Origin?--Other, Literal",,,DETHNIC5,,,Literal or blank,,
Decedent's Race--White,,,RACE1,,,"Y, N",,
Decedent's Race--Black or African American,,,RACE2,,,"Y, N",,
Decedent's Race--American Indian or Alaska Native,,,RACE3,,,"Y, N",,
Decedent's Race--Asian Indian,,,RACE4,,,"Y, N",,
Decedent's Race--Chinese,,,RACE5,,,"Y, N",,
Decedent's Race--Filipino,,,RACE6,,,"Y, N",,
Decedent's Race--Japanese,,,RACE7,,,"Y, N",,
Decedent's Race--Korean,,,RACE8,,,"Y, N",,
Decedent's Race--Vietnamese,,,RACE9,,,"Y, N",,
Decedent's Race--Other Asian,,,RACE10,,,"Y, N",,
Decedent's Race--Native Hawaiian,,,RACE11,,,"Y, N",,
Decedent's Race--Guamanian or Chamorro,,,RACE12,,,"Y, N",,
Decedent's Race--Samoan,,,RACE13,,,"Y, N",,
Decedent's Race--Other Pacific Islander,,,RACE14,,,"Y, N",,
Decedent's Race--Other,,,RACE15,,,"Y, N",,
Address of decedent -- city,,,CITYTEXT_R,,,City name or 'REDACT' if non-Ohio record,,
Cause of death Part I Line a,,,COD1A,,,Literal information reported on Line a,,
Cause of death Part I Line b,,,COD1B,,,Literal information reported on Line b,,
Leading cause 113 list,,,LEADINGCAUSE113,,,See ICD Cause Groupings 113 document,,
Leading cause 130 list,,,LEADINGCAUSE130,,,See ICD Cause Groupings 130 document,,
