﻿113 Leading cause Values in OPHIW,"NCHS ""number""",ODH Abbreviated literal description,NCHS Literal Description,ICD Code List from NCHS
1,,,Salmonella infections ,A01-A02
2,,,Shigellosis and amebiasis ,"A03,A06"
3,,,Tuberculosis ,A16-A19
4,,,Whooping cough ,A37
5,,,Scarlet fever and erysipelas ,"A38,A46"
6,,,Meningococcal infection ,A39
7,,,Septicemia ,A40-A41
8,,,Syphilis ,A50-A53
9,,,Acute poliomyelitis ,A80
10,,,Arthropod-borne viral encephalitis ,"A83-A84,A85.2"
11,,,Measles ,B05
12,,,Viral hepatitis ,B15-B19
13,,,Human immunodeficiency virus (HIV) disease ,B20-B24
14,,,Malaria ,B50-B54
15,,,Malignant neoplasms ,C00-C97
16,,,"In situ neoplasms, benign neoplasms and neoplasms of uncertain or unknown behavior ",D00-D48
17,,,Anemias ,D50-D64
18,,,Diabetes mellitus ,E10-E14
19,,,Nutritional deficiencies ,E40-E64
20,,,Meningitis ,"G00,G03"
21,,,Parkinson's disease ,G20-G21
22,,,Alzheimer's disease ,G30
23,,,Diseases of heart ,"I00-I09,I11,I13,I20-I51"
24,,,Essential (primary) hypertension and hypertensive renal disease ,"I10,I12,I15"
25,,,Cerebrovascular diseases ,I60-I69
26,,,Atherosclerosis ,I70
27,,,Aortic aneurysm and dissection,I71
28,,,Influenza and pneumonia ,J10-J18
29,,,Acute bronchitis and bronchiolitis ,J20-J21
30,,,Chronic lower respiratory diseases ,J40-J47
31,,,Pneumoconioses and chemical effects,"J60-J66,J68"
32,,,Pneumonitis due to solids and liquids ,J69
33,,,Peptic ulcer ,K25-K28
34,,,Diseases of appendix ,K35-K38
35,,,Hernia ,K40-K46
36,,,Chronic liver disease and cirrhosis ,"K70,K73-K74"
37,,,Cholelithiasis and other disorders of gallbladder ,K80-K82
38,,,"Nephritis, nephrotic syndrome and nephrosis ","N00-N07,N17-N19,N25-N27"
39,,,Infections of kidney ,"N10-N12,N13.6,N15.1"
40,,,Hyperplasia of prostate ,N40
41,,,Inflammatory diseases of female pelvic organs ,N70-N76
42,,,"Pregnancy, childbirth and the puerperium ",O00-O99
43,,,Certain conditions originating in the perinatal period ,P00-P96
44,,,"Congenital malformations, deformations and chromosomal abnormalities ",Q00-Q99
45,,,Accidents (UNINTENTIONAL INJURIES) ,"V01-X59,Y85-Y86"
46,,,Intentional self-harm (suicide) ,"*U03,X60-X84,Y87.0"
47,,,Assault (homicide) ,"V01-X59,Y85-Y86"
48,,,Legal intervention ,"Y35,Y89.0"
49,,,Operations of war and their sequelae ,"Y36,Y89.1"
50,,,Complications of medical and surgical care ,"Y40-Y84,Y88"
51,,,Not a leading cause,All ICD10 codes not listed above
52,,,Corona virus 2019,
53,,,Enterocolitis,
