﻿113 Leading cause Values in OPHIW,"NCHS ""number""",NCHS Literal Description,ICD Code List from NCHS
1,,Diarrhea and gastroenteritis of infectious origin ,A09
2,,Tuberculosis ,A16-A19
3,,Tetanus ,"A33,A35"
4,,Diphtheria ,A36
5,,Whooping cough ,A37
6,,Meningococcal infection ,A39
7,,Septicemia ,A40-A41
8,,Congenital syphilis ,A50
9,,Gonococcal infection ,A54
10,,Acute poliomyelitis ,A80
11,,Varicella (chickenpox) ,B01
12,,Measles ,B05
13,,Human immunodeficiency virus (HIV) disease ,B20-B24
14,,Mumps ,B26
15,,Candidiasis ,B37
16,,Malaria,B50-B54
17,,Pneumocystosis ,B59
18,,Malignant neoplasms,C00-C97
19,,"In situ neoplasms, benign neoplasms and neoplasms of uncertain or unknown behavior",D00-D48
20,,Diseases of the blood and blood-forming organs and certain disorders involving the immune mechanism,D50-D89
21,,"Short stature, not elsewhere classified ",E34.3
22,,Nutritional deficiencies ,E40-E64
23,,Cystic fibrosis ,E84
24,,"Volume depletion, disorders of fluid, electrolyte and acid-base BALANCE ",E86-E87
25,,Meningitis,"G00,G03"
26,,"Infantile spinal muscular atrophy, type I (Werdnig-Hoffman) ",G12.0
27,,Infantile cerebral palsy ,G80
28,,"Anoxic brain damage, not elsewhere classified ",G93.1
29,,Diseases of the ear and mastoid process ,H60-H93
30,,Diseases of the circulatory system ,I00-I99
31,,Acute upper respiratory infections ,J00-J06
32,,Influenza and pneumonia ,J10-J18
33,,Acute bronchitis and acute bronchiolitis ,J20-J21
34,,"Bronchitis, chronic and unspecified ",J40-J42
35,,Asthma ,J45-J46
36,,Pneumonitis due to solids and liquids ,J69
37,,"Gastritis, duodenitis, and noninfective enteritis and colitis ","K29,K50-K55"
38,,Hernia of abdominal cavity and intestinal obstruction without hernia ,"K40-K46,K56"
39,,Renal failure and other disorders of kidney ,"N17-N19,N25,N27"
40,,Newborn affected by maternal hypertensive disorders ,P00.0
41,,Newborn affected by other maternal conditions which may be ,P00.1-P00.9
42,,Newborn affected by maternal complications of pregnancy ,P01
43,,"Newborn affected by complications of placenta, cord and membranes ",P02
44,,Newborn affected by other complications of labor and delivery ,P03
45,,Newborn affected by noxious influences transmitted via placenta or breast milk ,P04
46,,Slow fetal growth and fetal malnutrition ,P05
47,,"Disorders related to short gestation and low birth weight, not elsewhere classified",P07
48,,Disorders related to long gestation and high birth weight ,P08
49,,Birth trauma ,P10-P15
50,,Intrauterine hypoxia and birth asphyxia ,P20-P21
51,,Respiratory distress of newborn,P22
52,,Congenital pneumonia ,P23
53,,Neonatal aspiration syndromes,P24
54,,Interstitial emphysema and related conditions originating in the perinatal period ,P25
55,,Pulmonary hemorrhage originating in the perinatal period ,P26
56,,Chronic respiratory disease originating in the perinatal period ,P27
57,,Atelectasis ,P28.0-P28.1
58,,Bacterial sepsis of newborn ,P36
59,,Omphalitis of newborn with or without mild hemorrhage ,P38
60,,Neonatal hemorrhage ,"P50-P52,P54"
61,,Hemorrhagic disease of newborn,P53
62,,Hemolytic disease of newborn due to isoimmunization and other perinatal jaundice ,P55-P59
63,,Hematological disorders ,P60-P61
64,,Syndrome of infant of a diabetic mother and neonatal diabetes mellitus ,P70.0-P70.2
65,,Necrotizing enterocolitis of newborn ,P77
66,,Hydrops fetalis not due to hemolytic disease ,P83.2
67,,"Congenital malformations, deformations and chromosomal ABNORMALITIES ",Q00-Q99
68,,Sudden infant death syndrome ,R95
69,,Accidents (unintentional injuries) ,V01-X59
70,,Assault (homicide) ,"*U01,X85-Y09"
71,,Complications of medical and surgical care ,Y40-Y84
72,,Not a leading cause,All ICD10 codes not listed above
