﻿Gender,Age,DETHNIC1,DETHNIC2,DETHNIC3,DETHNIC4,DETHNIC5,RACE1,RACE2,RACE3,RACE4,RACE5,RACE6,RACE7,RACE8,RACE9,RACE10,RACE11,RACE12,RACE13,RACE14,RACE15,CITYTEXT_R,COD1A,COD1B,LEADINGCAUSE113,LEADINGCAUSE130
F,59,N,N,N,N,,Y,N,N,N,N,N,N,N,N,N,N,N,N,N,N,NORWOOD,CARCINOID TUMOR,,15,18
M,70,N,N,N,N,,Y,N,N,N,N,N,N,N,N,N,N,N,N,N,N,NORWOOD,RENAL FAILURE,,51,72
M,88,N,N,N,N,,Y,N,N,N,N,N,N,N,N,N,N,N,N,N,N,NORWOOD,"SEPSIS, BACTEREMIA ENTEROCOCCUS",PNEUMONIA AND URINARY TRACT INFECTION,23,30
F,64,N,N,N,N,,Y,N,N,N,N,N,N,N,N,N,N,N,N,N,N,NORWOOD,END STAGE RENAL DISEASE,,38,39
M,52,N,N,N,N,,N,Y,N,N,N,N,N,N,N,N,N,N,N,N,N,NORWOOD,END STAGE CHRONIC OBSTRUCTIVE PULMONARY DISEASE,,30,72
F,64,N,N,N,N,,Y,N,N,N,N,N,N,N,N,N,N,N,N,N,N,NORWOOD,ATHEROSCLEROTIC CORONARY ARTERY DISEASE,,23,30
M,68,N,N,N,N,,Y,N,N,N,N,N,N,N,N,N,N,N,N,N,N,NORWOOD,CEREBROATHEROSCLEROSIS,,25,30
M,84,N,N,N,N,,Y,N,N,N,N,N,N,N,N,N,N,N,N,N,N,NORWOOD,LUNG CANCER,,15,18
F,57,N,N,N,N,,Y,N,N,N,N,N,N,N,N,N,N,N,N,N,N,NORWOOD,END STAGE LIVER DISEASE,HEPATIC ANGIOSARCOMA,15,18
F,68,N,N,N,N,,Y,N,N,N,N,N,N,N,N,N,N,N,N,N,N,NORWOOD,ATRIAL FIBRILLATION WITH RAPID VENTRICULAR RESPONSE,,23,30
M,72,N,N,N,N,,Y,N,N,N,N,N,N,N,N,N,N,N,N,N,N,NORWOOD,CHRONIC OBSTRUCTIVE LUNG DISEASE,,30,72
F,81,N,N,N,N,,Y,N,N,N,N,N,N,N,N,N,N,N,N,N,N,NORWOOD,ACUTE RESPIRATORY FAILURE WITH HYPOXIC,CHRONIC OBSTRUCTIVE PULMONARY DISEASE CHRONIC OBSTRUCTIVE PULMONARY DISEASE,30,72
M,76,N,N,N,N,,Y,N,N,N,N,N,N,N,N,N,N,N,N,N,N,NORWOOD,ACUTE ON CHRONIC HYPOXIC RESPIRATORY FAILURE,POSSIBLE SEIZURE OR PRIMARY RESPIRATORY FAILURE,51,72
F,72,N,N,N,N,,Y,N,N,N,N,N,N,N,N,N,N,N,N,N,N,NORWOOD,END STAGE CHRONIC OBSTRUCTIVE PULMONARY DISEASE,,30,72
M,32,N,N,N,N,,Y,N,N,N,N,N,N,N,N,N,N,N,N,N,N,NORWOOD,OVERDOSE OF FENTANYL,,45,69
F,93,N,N,N,N,,Y,N,N,N,N,N,N,N,N,N,N,N,N,N,N,NORWOOD,CEREBROVASCULAR DISEASE,,25,30
F,80,N,N,N,N,,Y,N,N,N,N,N,N,N,N,N,N,N,N,N,N,NORWOOD,DEMENTIA,,51,72
F,46,N,N,N,N,,Y,N,N,N,N,N,N,N,N,N,N,N,N,N,N,NORWOOD,ISCHEMIC BOWEL,MARANTIC ENDOCARDITIS,23,30
F,57,N,N,N,N,,Y,N,N,N,N,N,N,N,N,N,N,N,N,N,N,NORWOOD,LUNG CANCER,,15,18
M,72,N,N,N,N,,N,Y,N,N,N,N,N,N,N,N,N,N,N,N,N,NORWOOD,ACUTE HYPOXEMIC RESPIRATORY FAILURE,ASPIRATION PNEUMONIA,15,18
F,76,N,N,N,N,,Y,N,N,N,N,N,N,N,N,N,N,N,N,N,N,NORWOOD,CEREBRAL INFARCTION,,25,30
M,63,N,N,N,N,,Y,N,N,N,N,N,N,N,N,N,N,N,N,N,N,NORWOOD,ACUTE CARDIOPULMONARY ARREST,CORONARY ARTERY DISEASE,23,30
F,65,N,N,N,N,,Y,N,N,N,N,N,N,N,N,N,N,N,N,N,N,NORWOOD,METASTATIC COLORECTAL CANCER,,15,18
F,86,N,N,N,N,,Y,N,N,N,N,N,N,N,N,N,N,N,N,N,N,NORWOOD,ACUTE CVA,ATRIAL FIBRILLATION,25,30
M,70,N,N,N,N,,Y,N,N,N,N,N,N,N,N,N,N,N,N,N,N,NORWOOD,SEPSIS,STATUS POST LEFT TOE AMPUTATION,50,71
F,88,N,N,N,N,,Y,N,N,N,N,N,N,N,N,N,N,N,N,N,N,NORWOOD,DISSECTION AORTA,HYPERTENSION,24,30
F,57,N,N,N,N,,Y,N,N,N,N,N,N,N,N,N,N,N,N,N,N,NORWOOD,SEPTIC SHOCK,C DIFFICILE COLITIS,53,72
M,65,N,N,N,N,,N,Y,N,N,N,N,N,N,N,N,N,N,N,N,N,NORWOOD,METASTATIC ESOPHAGEAL CANCER,,15,18
F,54,N,N,N,N,,Y,N,N,N,N,N,N,N,N,N,N,N,N,N,N,NORWOOD,FENTANYL AND HEROIN INTOXICATION,,45,69
M,61,N,N,N,N,,Y,N,N,N,N,N,N,N,N,N,N,N,N,N,N,NORWOOD,TOXIC EFFECTS OF COCAINE,,45,69
F,81,N,N,N,N,,Y,N,N,N,N,N,N,N,N,N,N,N,N,N,N,NORWOOD,METASTATIC BREAST CANCER,,15,18
F,65,N,N,N,N,,Y,N,N,N,N,N,N,N,N,N,N,N,N,N,N,NORWOOD,RUPTURED AORTIC ANEURYSM,HYPERTENSION,51,72
F,37,N,N,N,N,,N,Y,N,N,N,N,N,N,N,N,N,N,N,N,N,NORWOOD,HYPERTENSIVE CARDIOVASCULAR DISEASE,,23,30
F,69,N,N,N,N,,Y,N,N,N,N,N,N,N,N,N,N,N,N,N,N,NORWOOD,END STAGE LUNG CANCER WITHOUT METASTASES,,15,18
M,75,N,N,N,N,,Y,N,N,N,N,N,N,N,N,N,N,N,N,N,N,NORWOOD,LARYNGEAL CANCER,,15,18
F,61,N,N,N,N,,Y,N,N,N,N,N,N,N,N,N,N,N,N,N,N,NORWOOD,CERVICAL CANCER,,15,18
M,90,N,N,N,N,,Y,N,N,N,N,N,N,N,N,N,N,N,N,N,N,NORWOOD,HYPERTENSIVE HEART DISEASE,,23,30
F,77,N,N,N,N,,Y,N,N,N,N,N,N,N,N,N,N,N,N,N,N,NORWOOD,CARDIORESPIRATORY FAILURE,ALZHEIMER'S DISEASE,22,72
F,96,N,N,N,N,,N,N,N,N,N,N,N,N,N,N,N,N,N,N,Y,NORWOOD,CEREBROVASCULAR DISEASE,,25,30
M,57,N,N,N,N,,Y,N,N,N,N,N,N,N,N,N,N,N,N,N,N,NORWOOD,ACUTE CARDIAC SYNDROME,CONGESTIVE HEART FAILURE,23,30
M,69,N,N,N,N,,N,Y,N,N,N,N,N,N,N,N,N,N,N,N,N,NORWOOD,PULMONARY EMBOLISM,SMALL CELL LUNG CARCINOMA,15,18
M,68,N,N,N,N,,Y,N,N,N,N,N,N,N,N,N,N,N,N,N,N,NORWOOD,LUNG CANCER,,15,18
M,41,N,N,N,N,,Y,N,N,N,N,N,N,N,N,N,N,N,N,N,N,NORWOOD,ISCHEMIC BOWEL,SEPSIS,52,72
M,72,N,N,N,N,,Y,N,N,N,N,N,N,N,N,N,N,N,N,N,N,NORWOOD,CORONARY ARTERY DISEASE,,23,30
M,80,N,N,N,N,,N,Y,N,N,N,N,N,N,N,N,N,N,N,N,N,NORWOOD,SEPTIC SHOCK,PERITONITIS,51,72
F,56,N,N,N,N,,Y,N,N,N,N,N,N,N,N,N,N,N,N,N,N,NORWOOD,RESPIRATORY ARREST,SEVERE CHRONIC OBSTRUCTIVE PULMONARY DISEASE,30,72
F,92,N,N,N,N,,Y,N,N,N,N,N,N,N,N,N,N,N,N,N,N,NORWOOD,ACUTE CEREBROVASCULAR ACCIDENT,ACUTE METABOLIC ENCEPHALOPATHY,51,72
F,94,N,N,N,N,,N,Y,N,N,N,N,N,N,N,N,N,N,N,N,N,NORWOOD,END STAGE ALZHEIMERS DEMENTIA,,22,72
F,78,N,N,N,H,VENEZUELAN,Y,N,N,N,N,N,N,N,N,N,N,N,N,N,Y,NORWOOD,ACUTE HYPOXEMIC RESPIRATORY FAILURE,SEPTIC SHOCK,52,72
M,71,N,N,N,N,,N,Y,N,N,N,N,N,N,N,N,N,N,N,N,N,NORWOOD,HEALTHCARE ASSOCIATED PNEUMONIA,COVID 19 INFECTION,52,72
M,74,N,N,N,N,,Y,N,N,N,N,N,N,N,N,N,N,N,N,N,N,NORWOOD,BLADDER CANCER,,15,18
F,72,N,N,N,N,,N,Y,N,N,N,N,N,N,N,N,N,N,N,N,N,NORWOOD,"SHOCK, MIXED CARDIOGENIC AND SEPTIC",LEFT VENTRICULAR ANEURYSM WITH MURAL THROMBUS,52,72
F,79,N,N,N,N,,Y,N,N,N,N,N,N,N,N,N,N,N,N,N,N,NORWOOD,CORONARY ATHEROSCLEROSIS,,23,30
M,77,N,N,N,N,,Y,N,N,N,N,N,N,N,N,N,N,N,N,N,N,NORWOOD,EMPHYSEMA,,30,72
F,81,N,N,N,N,,Y,N,N,N,N,N,N,N,N,N,N,N,N,N,N,NORWOOD,CORONARY ARTERY DISEASE,,23,30
F,67,N,N,N,N,,Y,N,N,N,N,N,N,N,N,N,N,N,N,N,N,NORWOOD,ACUTE RESPIRATORY FAILURE WITH HYPOXIA,SEPSIS,38,39
M,67,N,N,N,N,,N,Y,N,N,N,N,N,N,N,N,N,N,N,N,N,NORWOOD,RESPIRATORY FAILURE,ASPIRATION PNEUMONIA,32,36
M,61,N,N,N,N,,Y,N,N,N,N,N,N,N,N,N,N,N,N,N,N,NORWOOD,CARDIAC ARREST,LIVER FAILURE,36,72
M,72,N,N,N,N,,N,Y,N,N,N,N,N,N,N,N,N,N,N,N,N,NORWOOD,METASTATIC SQUAMOUS CELL CANCER OF RIGHT TONSILLAR FOSSA AND POSTERIOR OROPHARYNX,,15,18
M,78,N,N,N,N,,Y,N,N,N,N,N,N,N,N,N,N,N,N,N,N,NORWOOD,SUDDEN CARDIAC DEATH,CORONARY ARTERY DISEASE,23,30
F,87,N,N,N,N,,N,Y,N,N,N,N,N,N,N,N,N,N,N,N,N,NORWOOD,CARDIOPULMONARY ARREST,ACUTE RESPIRATORY DISTRESS SYNDROME,52,72
M,76,N,N,N,N,,Y,N,N,N,N,N,N,N,N,N,N,N,N,N,N,NORWOOD,HEPATORENAL FAILURE,,51,72
F,66,N,N,N,N,,N,Y,N,N,N,N,N,N,N,N,N,N,N,N,N,NORWOOD,ACUTE RESPIRATORY DISTRESS SYNDROME,PNEUMONIA,52,72
M,56,N,N,N,N,,Y,N,N,N,N,N,N,N,N,N,N,N,N,N,N,NORWOOD,CARDIAC ARRHYTHMIA DUE TO CARDIOMEGALY,,23,30
M,61,N,N,N,N,,N,Y,N,N,N,N,N,N,N,N,N,N,N,N,N,NORWOOD,SEPTIC SHOCK WITH MULTIORGAN FAILURE,ACUTE KIDNEY INJURY,51,28
M,70,N,N,N,N,,Y,N,N,N,N,N,N,N,N,N,N,N,N,N,N,NORWOOD,MALIGNANT NEOPLASM - HEAD AND NECK,,15,18
M,69,N,N,N,N,,Y,N,N,N,N,N,N,N,N,N,N,N,N,N,N,NORWOOD,INTRACRANIAL HEMORRHAGE,COAGULOPATHY,51,20
F,49,N,N,N,N,,Y,N,N,N,N,N,N,N,N,N,N,N,N,N,N,NORWOOD,SEPTIC SHOCK,GUILLAIN BARRE,51,72
M,68,N,N,N,N,,Y,N,N,N,N,N,N,N,N,N,N,N,N,N,N,NORWOOD,BLUNT IMPACTS OF HEAD WITH SUBDURAL HEMATOMA,,45,69
M,86,N,N,N,N,,Y,N,N,N,N,N,N,N,N,N,N,N,N,N,N,NORWOOD,CEREBROVASCULAR ACCIDENT,,25,30
F,57,N,N,N,N,,Y,N,N,N,N,N,N,N,N,N,N,N,N,N,N,NORWOOD,ACUTE CORONARY SYNDROME,HYPERTENSION,51,72
M,90,N,N,N,N,,N,Y,N,N,N,N,N,N,N,N,N,N,N,N,N,NORWOOD,DEMENTIA,,51,72
F,87,N,N,N,N,,Y,N,N,N,N,N,N,N,N,N,N,N,N,N,N,NORWOOD,CEREBRAL INFARCTION,,25,30
M,64,N,N,N,N,,Y,N,N,N,N,N,N,N,N,N,N,N,N,N,N,NORWOOD,LUNG CANCER,,15,18
M,77,N,N,N,N,,Y,N,N,N,N,N,N,N,N,N,N,N,N,N,N,NORWOOD,CHRONIC OBSTRUCTIVE LUNG DISEASE,CHRONIC RENAL FAILURE,30,72
F,83,N,N,N,N,,Y,N,N,N,N,N,N,N,N,N,N,N,N,N,N,NORWOOD,SEPSIS,,7,7
M,47,N,N,N,N,,Y,N,N,N,N,N,N,N,N,N,N,N,N,N,N,NORWOOD,HYPERTENSIVE AND ATHEROSCLEROTIC CARDIOVASCULAR DISEASE,,23,30
F,48,N,N,N,N,,Y,N,N,N,N,N,N,N,N,N,N,N,N,N,N,NORWOOD,OVERDOSE OF FENTANYL,,45,69
M,55,N,N,N,N,,Y,N,N,N,N,N,N,N,N,N,N,N,N,N,N,NORWOOD,COMPLICATIONS OF ACUTE AND CHRONIC ALCOHOLISM,,45,69
F,103,N,N,N,N,,Y,N,N,N,N,N,N,N,N,N,N,N,N,N,N,NORWOOD,ASPIRATION PNEUMONIA,OROPHARYNGEAL DYSPHAGIA,32,36
M,31,N,N,N,N,,Y,N,N,N,N,N,N,N,N,N,N,N,N,N,N,NORWOOD,CARDIORESPIRATORY ARREST,,23,30
F,103,N,N,N,N,,Y,N,N,N,N,N,N,N,N,N,N,N,N,N,N,NORWOOD,END STAGE DEMENTIA,,51,72
M,63,N,N,N,N,,N,Y,N,N,N,N,N,N,N,N,N,N,N,N,N,NORWOOD,HYPERTENSIVE CARDIOVASCULAR DISEASE,,23,30
M,56,N,N,N,N,,Y,N,N,N,N,N,N,N,N,N,N,N,N,N,N,NORWOOD,SEPSIS,ABDOMINAL COMPARTMENT SYNDROME,51,72
M,53,N,N,N,N,,Y,N,N,N,N,N,N,N,N,N,N,N,N,N,N,NORWOOD,UNCONTROLLED DIABETES MELLITUS,,18,72
F,53,N,N,N,N,,Y,N,N,N,N,N,N,N,N,N,N,N,N,N,N,NORWOOD,OVERDOSE OF FENTANYL,,45,69
F,86,N,N,N,N,,Y,N,N,N,N,N,N,N,N,N,N,N,N,N,N,NORWOOD,CARDIORESPIRATORY FAILURE,DIASTOLIC CONGESTIVE HEART FAILURE,36,72
F,33,N,N,N,N,,N,N,N,N,N,N,N,N,N,N,N,N,N,N,Y,NORWOOD,MYOCARDITIS,,23,30
F,61,N,N,N,N,,Y,N,N,N,N,N,N,N,N,N,N,N,N,N,N,NORWOOD,ACUTE LIVER FAILURE,ALCOHOLIC CIRRHOSIS OF THE LIVER,36,72
F,88,N,N,N,N,,Y,N,N,N,N,N,N,N,N,N,N,N,N,N,N,NORWOOD,END STAGE RENAL DISEASE,,38,39
F,90,N,N,N,N,,Y,N,N,N,N,N,N,N,N,N,N,N,N,N,N,NORWOOD,PARKINSONS DISEASE,,21,72
M,56,N,N,N,N,,Y,N,N,N,N,N,N,N,N,N,N,N,N,N,N,NORWOOD,RESPIRATORY FAILURE,PNEUMONIA,36,72
M,66,N,N,N,N,,Y,N,N,N,N,N,N,N,N,N,N,N,N,N,N,NORWOOD,SEPTIC SHOCK DUE TO MRSA PNEUMONIA,ACUTE KIDNEY INJURY ON CHRONIC KIDNEY DISEASE,51,72
M,70,N,N,N,N,,N,Y,N,N,N,N,N,N,N,N,N,N,N,N,N,NORWOOD,END STAGE HUMAN  IMMUNODEFICIENCY VIRUS,,13,13
M,34,N,N,N,N,,Y,N,N,N,N,N,N,N,N,N,N,N,N,N,N,NORWOOD,FENTANYL AND ACETYL FENTANYL INTOXICATION,,45,69
F,61,N,N,N,N,,Y,N,N,N,N,N,N,N,N,N,N,N,N,N,N,NORWOOD,ACUTE RESPIRATORY FAILURE WITH HYPOXIA,,51,72
M,89,N,N,N,N,,N,Y,N,N,N,N,N,N,N,N,N,N,N,N,N,NORWOOD,ACUTE RESPIRATORY FAILURE,,51,72
M,59,N,N,N,N,,Y,N,N,N,N,N,N,N,N,N,N,N,N,N,N,NORWOOD,CEREBROVASCULAR DISEASE,,25,30
F,84,N,N,N,N,,Y,N,N,N,N,N,N,N,N,N,N,N,N,N,N,NORWOOD,PARKINSONS DISEASE,,21,72
M,76,N,N,N,N,,Y,N,N,N,N,N,N,N,N,N,N,N,N,N,N,NORWOOD,ACUTE CORONARY SYNDROME,CONGESTIVE HEART FAILURE,23,30
M,89,N,N,N,N,,Y,N,N,N,N,N,N,N,N,N,N,N,N,N,N,NORWOOD,CHRONIC OBSTRUCTIVE PULMONARY DISEASE,,30,72
F,61,N,N,N,N,,N,Y,N,N,N,N,N,N,N,N,N,N,N,N,N,NORWOOD,RENAL FAILURE,,38,39
F,55,N,N,N,N,,Y,N,N,N,N,N,N,N,N,N,N,N,N,N,N,NORWOOD,ISCHEMIC BOWEL,SEVERE PERIPHERAL VASCULAR DISEASE,51,30
M,73,N,N,N,N,,Y,N,N,N,N,N,N,N,N,N,N,N,N,N,N,NORWOOD,CIRRHOSIS OF LIVER,CORONARY ARTERY DISEASE,18,72
M,54,N,N,N,N,,Y,N,N,N,N,N,N,N,N,N,N,N,N,N,N,NORWOOD,CARDIORESPIRATORY FAILURE,CONGESTIVE HEART FAILURE,51,72
M,53,N,N,N,N,,Y,N,N,N,N,N,N,N,N,N,N,N,N,N,N,NORWOOD,APPENDIX CANCER,,15,18
M,65,N,N,N,N,,Y,N,N,N,N,N,N,N,N,N,N,N,N,N,N,NORWOOD,ACUTE RESPIRATORY DISTRESS SYNDROME,COVID - 19 PNEUMONIA,52,72
F,63,N,N,N,N,,Y,N,N,N,N,N,N,N,N,N,N,N,N,N,N,NORWOOD,CIRRHOSIS OF LIVER,,36,72
F,32,N,N,N,N,,Y,N,N,N,N,N,N,N,N,N,N,N,N,N,N,NORWOOD,GUNSHOT WOUND TO THE HEAD WITH PERFORATION OF THE BRAIN,,47,70
M,45,N,N,N,N,,Y,N,N,N,N,N,N,N,N,N,N,N,N,N,N,NORWOOD,GUNSHOT WOUND TO THE HEAD WITH PERFORATION OF THE BRAIN,,46,72
M,61,N,N,N,N,,Y,N,N,N,N,N,N,N,N,N,N,N,N,N,N,NORWOOD,ACUTE CORONARY SYNDROME,METASTATIC SQUAMOUS CELL CANCER,15,18
M,88,N,N,N,N,,Y,N,N,N,N,N,N,N,N,N,N,N,N,N,N,NORWOOD,ATRIAL FIBRILLATION,CONGESTIVE HEART FAILURE,23,30
F,85,N,N,N,N,,Y,N,N,N,N,N,N,N,N,N,N,N,N,N,N,NORWOOD,ACUTE RESPIRATORY FAILURE,,51,72
F,95,N,N,N,N,,Y,N,N,N,N,N,N,N,N,N,N,N,N,N,N,NORWOOD,URINARY TRACT INFECTION,SEPSIS,7,7
M,77,N,N,N,N,,Y,N,N,N,N,N,N,N,N,N,N,N,N,N,N,NORWOOD,CHRONIC OBSTRUCTIVE PULMONARY DISEASE,,30,72
M,72,N,N,N,N,,N,Y,N,N,N,N,N,N,N,N,N,N,N,N,N,NORWOOD,DECOMPENSATED RIGHT HEART FAILURE,SEVERE PULMONARY HYPERTENSION,15,18
F,54,N,N,N,N,,Y,N,N,N,N,N,N,N,N,N,N,N,N,N,N,NORWOOD,METASTATIC SMALL CELL LUNG CANCER,,15,18
M,82,N,N,N,N,,Y,N,N,N,N,N,N,N,N,N,N,N,N,N,N,NORWOOD,COLON CANCER,,15,18
M,55,N,N,N,N,,Y,N,N,N,N,N,N,N,N,N,N,N,N,N,N,NORWOOD,CARDIAC ARREST,,18,72
F,72,N,N,N,N,,Y,N,N,N,N,N,N,N,N,N,N,N,N,N,N,NORWOOD,LUNG NEOPLASM,,16,19
M,62,N,N,N,N,,N,Y,N,N,N,N,N,N,N,N,N,N,N,N,N,NORWOOD,CEREBROVASCULAR DISEASE,,25,30
M,77,N,N,N,N,,Y,N,N,N,N,N,N,N,N,N,N,N,N,N,N,NORWOOD,CARDIORESPIRATORY ARREST,,23,30
F,65,N,N,N,N,,N,Y,N,N,N,N,N,N,N,N,N,N,N,N,N,NORWOOD,MALIGNANT NEOPLASM OF COLON WITHOUT METASTASES,,15,18
M,69,N,N,N,N,,Y,N,N,N,N,N,N,N,N,N,N,N,N,N,N,NORWOOD,HYPOXEMIC AND HYPERCARBIC RESPIRATORY FAILURE,COVID 19 VIRAL PNEUMONIA,52,72
M,80,N,N,N,N,,Y,N,N,N,N,N,N,N,N,N,N,N,N,N,N,NORWOOD,ACUTE ON CHRONIC DIASTOLIC CONGESTIVE HEART FAILURE,,23,30
F,70,N,N,N,N,,Y,N,N,N,N,N,N,N,N,N,N,N,N,N,N,NORWOOD,GLIOBLASTOMA,METASTATIC LUNG CANCER,15,18
F,67,N,N,N,N,,N,Y,N,N,N,N,N,N,N,N,N,N,N,N,N,NORWOOD,ANOXIC BRAIN INJURY,PULSELESS ELECTRICAL ACTIVITY,30,72
M,63,N,N,N,N,,Y,N,N,N,N,N,N,N,N,N,N,N,N,N,N,NORWOOD,LIVER FAILURE,ACUTE GRAFT VERSUS HOST DISEASE,16,19
F,73,N,N,N,N,,Y,N,N,N,N,N,N,N,N,N,N,N,N,N,N,NORWOOD,LIVER CELL CANCER,,15,18
M,59,N,N,N,N,,N,Y,N,N,N,N,N,N,N,N,N,N,N,N,N,NORWOOD,CARDIORESPIRATORY ARREST,,23,30
F,50,N,N,N,N,,Y,N,N,N,N,N,N,N,N,N,N,N,N,N,N,NORWOOD,ANOXIC BRAIN INJURY,PEA CARDIAC ARREST,15,18
M,59,N,N,N,N,,Y,N,N,N,N,N,N,N,N,N,N,N,N,N,N,NORWOOD,COMPLICATIONS OF ADENOCARCINOMA OF THE PROSTATE GLAND WITH METASTASES,,15,18
M,98,N,N,N,N,,Y,N,N,N,N,N,N,N,N,N,N,N,N,N,N,NORWOOD,RESPIRATORY FAILURE,CONGESTIVE HEART FAILURE,23,30
M,69,N,N,N,N,,Y,N,N,N,N,N,N,N,N,N,N,N,N,N,N,NORWOOD,ARTERIOSCLEROTIC CARDIOVASCULAR DISEASE,,23,30
M,69,N,N,N,N,,Y,N,N,N,N,N,N,N,N,N,N,N,N,N,N,NORWOOD,CARDIAC ARREST,VENTRICULAR ARRHYTHMIA,23,30
M,52,N,N,N,N,,Y,N,N,N,N,N,N,N,N,N,N,N,N,N,N,NORWOOD,UNDETERMINED,,51,72
M,83,N,N,N,N,,Y,N,N,N,N,N,N,N,N,N,N,N,N,N,N,NORWOOD,END STAGE RENAL DISEASE,,38,39
M,57,N,N,N,N,,Y,N,N,N,N,N,N,N,N,N,N,N,N,N,N,NORWOOD,PARKINSON'S DISEASE,,21,72
M,92,N,N,N,N,,Y,N,N,N,N,N,N,N,N,N,N,N,N,N,N,NORWOOD,PROSTATE CANCER,,15,18
M,41,N,N,N,N,,Y,N,N,N,N,N,N,N,N,N,N,N,N,N,N,NORWOOD,"ACUTE FENTANYL, ACETYL FENTANYL, OXYCODONE, AND CLONAZEPAM INTOXICATION",,45,69
M,54,N,N,N,N,,Y,N,N,N,N,N,N,N,N,N,N,N,N,N,N,NORWOOD,CORONARY ARTERY DISEASE,PULMONARY EMPHYSEMA,23,30
F,85,N,N,N,N,,Y,N,N,N,N,N,N,N,N,N,N,N,N,N,N,NORWOOD,ALZHEIMERS DISEASE,,22,72
F,70,N,N,N,N,,Y,N,N,N,N,N,N,N,N,N,N,N,N,N,N,NORWOOD,STAGE IV ADENOCARCINOMA OF LEFT LUNG,,15,18
F,59,N,N,N,N,,Y,N,N,N,N,N,N,N,N,N,N,N,N,N,N,NORWOOD,ACUTE RESPIRATORY FAILURE,COVID 19 PNEUMONIA,52,72
M,68,N,N,N,N,,Y,N,N,N,N,N,N,N,N,N,N,N,N,N,N,NORWOOD,SEPTIC SHOCK,COVID 19,52,72
F,87,N,N,N,N,,Y,N,N,N,N,N,N,N,N,N,N,N,N,N,N,NORWOOD,PROTEIN CALORIE MALNUTRITION,METABOLIC ENCEPHALOPATHY,53,72
M,49,N,N,N,N,,Y,N,N,N,N,N,N,N,N,N,N,N,N,N,N,NORWOOD,POSSIBLY RELATED DIABETES COMPLICATIONS,,18,72
M,40,N,N,N,N,,Y,N,N,N,N,N,N,N,N,N,N,N,N,N,N,NORWOOD,METASTATIC TESTICULAR CANCER,,15,18
F,83,N,N,N,N,,Y,N,N,N,N,N,N,N,N,N,N,N,N,N,N,NORWOOD,RUPTURED ABDOMINAL AORTIC ANEURYSM,,27,30
F,58,N,N,N,N,,Y,N,N,N,N,N,N,N,N,N,N,N,N,N,N,NORWOOD,CARDIOPULMONARY ARREST,METASTATIC PANCREATIC CANCER,15,18
M,25,N,N,N,N,,Y,N,N,N,N,N,N,N,N,N,N,N,N,N,N,NORWOOD,OVERDOSE OF FENTANYL WITH COCAINE METABOLITES ALSO PRESENT,,45,69
M,68,N,N,N,N,,Y,N,N,N,N,N,N,N,N,N,N,N,N,N,N,NORWOOD,CARDIOGENIC SHOCK,,51,72
M,85,N,N,N,N,,Y,N,N,N,N,N,N,N,N,N,N,N,N,N,N,NORWOOD,"PERFORATION OF THE SCALP, SKULL AND BRAIN",GUNSHOT WOUND TO THE HEAD,46,72
F,84,N,N,N,N,,Y,N,N,N,N,N,N,N,N,N,N,N,N,N,N,NORWOOD,ACUTE MYOCARDIAL INFARCTION,ISCHEMIC CARDIOMYOPATHY,23,30
F,90,N,N,N,N,,Y,N,N,N,N,N,N,N,N,N,N,N,N,N,N,NORWOOD,PANCREATIC CANCER,,15,18
F,40,N,N,N,N,,Y,N,N,N,N,N,N,N,N,N,N,N,N,N,N,NORWOOD,"COMPLICATIONS OF COMBINED FENTANYL, TRAMADOL AND MORPHINE POISONING",,45,69
M,50,N,N,N,N,,Y,N,N,N,N,N,N,N,N,N,N,N,N,N,N,NORWOOD,ACUTE SEPTIC SHOCK,ASPIRATION PNEUMONIA,51,72
M,69,N,N,N,N,,Y,N,N,N,N,N,N,N,N,N,N,N,N,N,N,NORWOOD,CARDIAC ARREST,MYOCARDIAL INFARCTION,51,72
M,74,N,N,N,N,,Y,N,N,N,N,N,N,N,N,N,N,N,N,N,N,NORWOOD,COVID 19 PNEUMONIA,,52,72
F,87,N,N,N,N,,Y,N,N,N,N,N,N,N,N,N,N,N,N,N,N,NORWOOD,CARDIOGENIC SHOCK,CARDIOPULMONARY ARREST,51,1
M,62,N,N,N,N,,Y,N,N,N,N,N,N,N,N,N,N,N,N,N,N,NORWOOD,CHRONIC ALCOHOLISM,,51,72
F,90,N,N,N,N,,Y,N,N,N,N,N,N,N,N,N,N,N,N,N,N,NORWOOD,STAGE IV BREAST CANCER,,15,18
M,74,N,N,N,N,,Y,N,N,N,N,N,N,N,N,N,N,N,N,N,N,NORWOOD,ACUTE MYOCARDIAL INFARCTION,COVID 19 INFECTION,52,72
M,60,N,N,N,N,,Y,N,N,N,N,N,N,N,N,N,N,N,N,N,N,NORWOOD,CORONARY ARTERY DISEASE,CORONARY ATHEROSCLEROSIS,23,30
M,94,N,N,N,N,,Y,N,N,N,N,N,N,N,N,N,N,N,N,N,N,NORWOOD,END STAGE HEART FAILURE,,23,30
M,77,N,N,N,N,,Y,N,N,N,N,N,N,N,N,N,N,N,N,N,N,NORWOOD,ACUTE RESPIRATORY/ CARDIAC ARREST,CYTOKINE STORM,52,72
M,22,N,N,N,N,,N,Y,N,N,N,N,N,N,N,N,N,N,N,N,N,NORWOOD,MYOCARDITIS,COVID-19,52,72
M,79,N,N,N,N,,Y,N,N,N,N,N,N,N,N,N,N,N,N,N,N,NORWOOD,ACUTE CARDIOPULMONARY ARREST,METASTATIC PROSTATE CANCER,15,18
